Probidhan,Department_Name,Department_Code,Semester,Subject_Code,Subject_Name,Subject_Credit
2022,Architecture,61,1.0,21011.0,Engineering Drawing-2,2.0
2022,Architecture,61,1.0,25711.0,Bangla-I-2,2.0
2022,Architecture,61,1.0,25712.0,English-I-2,2.0
2022,Architecture,61,1.0,25812.0,Physical Education & Life Skills Development-1,1.0
2022,Architecture,61,1.0,25911.0,Mathematics -I-4,4.0
2022,Architecture,61,1.0,25913.0,Chemistry-4,4.0
2022,Architecture,61,1.0,26111.0,Creativity and Concept Development-2,2.0
2022,Architecture,61,1.0,26711.0,Basic Electricity-4,4.0
2022,Architecture,61,2.0,25721.0,Bangla -II-2,2.0
2022,Architecture,61,2.0,25722.0,English-II-2,2.0
2022,Architecture,61,2.0,25912.0,Physics -I-4,4.0
2022,Architecture,61,2.0,25921.0,Mathematics-II-4,4.0
2022,Architecture,61,2.0,26121.0,Architectural Design-I-4,4.0
2022,Architecture,61,2.0,26411.0,Civil Engineering Metarials-3,3.0
2022,Architecture,61,2.0,28511.0,Computer Office Application-2,2.0
2022,Architecture,61,3.0,25922.0,Physics-II-4,4.0
2022,Architecture,61,3.0,25931.0,Mathematics-III-4,4.0
2022,Architecture,61,3.0,26131.0,Architectural Design-II-4,4.0
2022,Architecture,61,3.0,26132.0,Architectural Graphics-3,3.0
2022,Architecture,61,3.0,26133.0,Working Drawing-I-2,2.0
2022,Architecture,61,3.0,26134.0,Climatology-2,2.0
2022,Architecture,61,3.0,26135.0,Computer Aided Drawing -I-2,2.0
2022,Architecture,61,4.0,25811.0,Social Science-2,2.0
2022,Architecture,61,4.0,25841.0,Accounting-2,2.0
2022,Architecture,61,4.0,26141.0,Architectural Design-III-4,4.0
2022,Architecture,61,4.0,26142.0,History of Architecture-I-2,2.0
2022,Architecture,61,4.0,26143.0,Working Drawing -II-3,3.0
2022,Architecture,61,4.0,26144.0,Computer Aided Drawing -II-2,2.0
2022,Architecture,61,4.0,26434.0,Basic Construction Process-3,3.0
2022,Architecture,61,4.0,26447.0,Basic Estimating & Costing-3,3.0
2022,Architecture,61,5.0,25831.0,Business Communication-2,2.0
2022,Architecture,61,5.0,26151.0,Architectural Design-IV-4,4.0
2022,Architecture,61,5.0,26152.0,History of Architecture-II-2,2.0
2022,Architecture,61,5.0,26153.0,Model Making-2,2.0
2022,Architecture,61,5.0,26154.0,Presentation and Visual Technique-2,2.0
2022,Architecture,61,5.0,26431.0,Structural Mechanics-3,3.0
2022,Architecture,61,5.0,26457.0,Water Supply and Sanitary Engineering-4,4.0
2022,Architecture,61,6.0,25852.0,Industrial Management-2,2.0
2022,Architecture,61,6.0,26161.0,Architectural Design-V-3,3.0
2022,Architecture,61,6.0,26162.0,Computer Rendering and Animation-I-2,2.0
2022,Architecture,61,6.0,26163.0,Landscape Design-2,2.0
2022,Architecture,61,6.0,26164.0,Modern Architecture-2,2.0
2022,Architecture,61,6.0,26165.0,Interior Design -I-2,2.0
2022,Architecture,61,6.0,26464.0,Design of Structure-I-3,3.0
2022,Architecture,61,6.0,29041.0,Environmental Studies-3,3.0
2022,Architecture,61,7.0,25851.0,Principles of Marketing-2,2.0
2022,Architecture,61,7.0,25853.0,Innovation & Entrepreneurship-2,2.0
2022,Architecture,61,7.0,26171.0,Architectural Project-3,3.0
2022,Architecture,61,7.0,26172.0,Computer Rendering and Animation-II-2,2.0
2022,Architecture,61,7.0,26173.0,Urban Planning-3,3.0
2022,Architecture,61,7.0,26174.0,Professional Practice-3,3.0
2022,Architecture,61,7.0,26175.0,Interior Design -II-3,3.0
2022,Architecture,61,7.0,26435.0,Fundamental Surveying-3,3.0
2022,Automobile,62,1.0,26211.0,Automobile Fundamentals-3,3.0
2022,Automobile,62,2.0,26221.0,Automotive Engine System-I-3,3.0
2022,Automobile,62,2.0,27011.0,Basic Workshop Practice-1,1.0
2022,Automobile,62,3.0,26231.0,Automotive Engine System-II-3,3.0
2022,Automobile,62,3.0,26811.0,Basic Electronics-3,3.0
2022,Automobile,62,3.0,27012.0,Machine Shop Practice I-3,3.0
2022,Automobile,62,3.0,27031.0,Mechanical Engineering Materials-2,2.0
2022,Automobile,62,4.0,26241.0,Automotive Body Building-3,3.0
2022,Automobile,62,4.0,27041.0,Engineering Mechanics-3,3.0
2022,Automobile,62,4.0,27043.0,Metallurgy-3,3.0
2022,Automobile,62,4.0,27131.0,Engineering Thermodynamics-4,4.0
2022,Automobile,62,4.0,27142.0,Fuels & Lubricants-3,3.0
2022,Automobile,62,5.0,26251.0,Automobile Air- Conditioning-3,3.0
2022,Automobile,62,5.0,26252.0,Advance Automotive Mechanisms & Vehicle driving-3,3.0
2022,Automobile,62,5.0,27051.0,Fluid Mechanics & Machineries-4,4.0
2022,Automobile,62,5.0,27052.0,Mechanical Estimating & Costing-3,3.0
2022,Automobile,62,5.0,27053.0,Advanced Welding-I-4,4.0
2022,Automobile,62,5.0,27055.0,Manufacturing Process-3,3.0
2022,Automobile,62,6.0,26261.0,Engine Overhauling & Inspection-3,3.0
2022,Automobile,62,6.0,26262.0,"Suspension, Brake, Steering & Transmission System of Vehicle-3",3.0
2022,Automobile,62,6.0,26263.0,"Specialized Vehicles, Two & Three Wheelers-3",3.0
2022,Automobile,62,6.0,27054.0,Foundry & Pattern Making-3,3.0
2022,Automobile,62,6.0,27061.0,Strength of Materials-4,4.0
2022,Automobile,62,6.0,27062.0,Mechanical Measurement & Metrology-3,3.0
2022,Automobile,62,7.0,26271.0,"Electrical, Electronic & Vehicle Networking System-3",3.0
2022,Automobile,62,7.0,26272.0,Automotive Testing & Emission Control-3,3.0
2022,Automobile,62,7.0,26273.0,"Shop Equipment, Service Station Operation & Workshop Practice-3",3.0
2022,Automobile,62,7.0,26274.0,Automobile Engineering Project-2,2.0
2022,Automobile,62,7.0,27071.0,Design of Machine Elements-4,4.0
2022,Automobile,62,7.0,29231.0,Mechatronics & PLC-4,4.0
2022,CHEMICAL TECHNOLOGY,63,1.0,26311.0,Chemical Engineering Fundamentals-3,3.0
2022,CHEMICAL TECHNOLOGY,63,1.0,26312.0,Safety in Chemical Industry - 2,2.0
2022,CHEMICAL TECHNOLOGY,63,2.0,26321.0,Basic Stoichiometry - 3,3.0
2022,CHEMICAL TECHNOLOGY,63,3.0,26331.0,Chemical Engineering Operation-I - 3,3.0
2022,CHEMICAL TECHNOLOGY,63,3.0,26332.0,Industrial Chemistry - 3,3.0
2022,CHEMICAL TECHNOLOGY,63,3.0,26333.0,Chemical Engineering Materials - 3,3.0
2022,CHEMICAL TECHNOLOGY,63,4.0,26341.0,Chemical Engineering Operation-II - 3,3.0
2022,CHEMICAL TECHNOLOGY,63,4.0,26342.0,Chemical Process Industries-I - 3,3.0
2022,CHEMICAL TECHNOLOGY,63,4.0,26344.0,Analytical Chemistry - 3,3.0
2022,CHEMICAL TECHNOLOGY,63,5.0,26351.0,Chemical Engineering Operation-III - 4,4.0
2022,CHEMICAL TECHNOLOGY,63,5.0,26352.0,Chemical Process Industries-II - 3,3.0
2022,CHEMICAL TECHNOLOGY,63,5.0,26353.0,Water Treatment Technology - 3,3.0
2022,CHEMICAL TECHNOLOGY,63,5.0,26355.0,Refrigeration & Cold Storage - 3,3.0
2022,CHEMICAL TECHNOLOGY,63,5.0,26356.0,Industrial Production Engineering - 3,3.0
2022,CHEMICAL TECHNOLOGY,63,6.0,26361.0,Chemical Engineering Operation-IV - 4,4.0
2022,CHEMICAL TECHNOLOGY,63,6.0,26362.0,Chemical Process Industries-III - 3,3.0
2022,CHEMICAL TECHNOLOGY,63,6.0,26363.0,Petroleum & Petrochemicals - 3,3.0
2022,CHEMICAL TECHNOLOGY,63,6.0,26365.0,Instrumental Methods of Analysis - 3,3.0
2022,CHEMICAL TECHNOLOGY,63,6.0,26366.0,Jute & Textile Technology - 3,3.0
2022,CHEMICAL TECHNOLOGY,63,7.0,26371.0,Chemical Engineering Operation-V - 3,3.0
2022,CHEMICAL TECHNOLOGY,63,7.0,26372.0,Chemical Process Industries-IV - 3,3.0
2022,CHEMICAL TECHNOLOGY,63,7.0,26373.0,Natural Gas & Fertilizer - 3,3.0
2022,CHEMICAL TECHNOLOGY,63,7.0,26374.0,Plastic & Polymer Technology - 3,3.0
2022,CHEMICAL TECHNOLOGY,63,7.0,26375.0,Corrosion Technology - 3,3.0
2022, CIVIL TECHNOLOGY,64,2.0,26421.0,Civil Engineering Drawing-3,3.0
2022, CIVIL TECHNOLOGY,64,3.0,26432.0,Surveying-I-3,3.0
2022, CIVIL TECHNOLOGY,64,3.0,26433.0,Construction Process-I-3,3.0
2022, CIVIL TECHNOLOGY,64,4.0,26441.0,Construction Process-II-3,3.0
2022, CIVIL TECHNOLOGY,64,4.0,26442.0,Estimating & Costing-I-3,3.0
2022, CIVIL TECHNOLOGY,64,4.0,26443.0,Civil CAD-I-2,2.0
2022, CIVIL TECHNOLOGY,64,4.0,26444.0,Surveying-II-3,3.0
2022, CIVIL TECHNOLOGY,64,4.0,26445.0,Geotechnical Engineering-3,3.0
2022, CIVIL TECHNOLOGY,64,4.0,26446.0,Hydrology-3,3.0
2022, CIVIL TECHNOLOGY,64,4.0,26521.0,Wood Workshop Practice-2,2.0
2022, CIVIL TECHNOLOGY,64,5.0,26451.0,Foundation Engineering-3,3.0
2022, CIVIL TECHNOLOGY,64,5.0,26452.0,Civil CAD-II-3,3.0
2022, CIVIL TECHNOLOGY,64,5.0,26453.0,Surveying-III-3,3.0
2022, CIVIL TECHNOLOGY,64,5.0,26454.0,Theory of Structure-3,3.0
2022, CIVIL TECHNOLOGY,64,5.0,26455.0,Water Supply Engineering-3,3.0
2022, CIVIL TECHNOLOGY,64,5.0,26456.0,Hydraulics-3,3.0
2022, CIVIL TECHNOLOGY,64,6.0,26461.0,Water Resources Engineering-3,3.0
2022, CIVIL TECHNOLOGY,64,6.0,26462.0,Advance Surveying-3,3.0
2022, CIVIL TECHNOLOGY,64,6.0,26463.0,Transportation Engineering-I-3,3.0
2022, CIVIL TECHNOLOGY,64,6.0,28863.0,Steel Structures-3,3.0
2022, CIVIL TECHNOLOGY,64,6.0,28861.0,Advanced Construction-3,3.0
2022, CIVIL TECHNOLOGY,64,7.0,26471.0,Civil Engineering Project-2,2.0
2022, CIVIL TECHNOLOGY,64,7.0,26472.0,Sanitary Engineering-3,3.0
2022, CIVIL TECHNOLOGY,64,7.0,26473.0,Transportation Engineering-II-3,3.0
2022, CIVIL TECHNOLOGY,64,7.0,26474.0,Design of Structure-II-3,3.0
2022, CIVIL TECHNOLOGY,64,7.0,26475.0,Estimating & Costing-II-3,3.0
2022, CIVIL TECHNOLOGY,64,7.0,28871.0,Construction Management & Documentation-3,3.0
2022,CIVIL (WOOD) TECHNOLOGY,65,4.0,26541.0,Wood Engineering Machanics-3,3.0
2022,CIVIL (WOOD) TECHNOLOGY,65,5.0,26551.0,Design & Drawing of Furniture-3,3.0
2022,CIVIL (WOOD) TECHNOLOGY,65,5.0,26552.0,Wood Working Machine-I-3,3.0
2022,CIVIL (WOOD) TECHNOLOGY,65,5.0,26553.0,Wood CAD & CAM-3,3.0
2022,CIVIL (WOOD) TECHNOLOGY,65,6.0,26561.0,Wood Working Machine-II-3,3.0
2022,CIVIL (WOOD) TECHNOLOGY,65,6.0,26562.0,Wood Processing-3,3.0
2022,CIVIL (WOOD) TECHNOLOGY,65,6.0,26563.0,Wood Finishing-3,3.0
2022,CIVIL (WOOD) TECHNOLOGY,65,7.0,26571.0,Wood Working Project-2,2.0
2022,CIVIL (WOOD) TECHNOLOGY,65,7.0,26572.0,Furniture Fitting & Assembly-3,3.0
2022,ELECTRICAL TECHNOLOGY,67,1.0,26712.0,Electrical Engineering Materials-2,2.0
2022,ELECTRICAL TECHNOLOGY,67,2.0,26721.0,Electrical Circuits-I-4,4.0
2022,ELECTRICAL TECHNOLOGY,67,2.0,26722.0,Electrical Engineering Drawing-3,3.0
2022,ELECTRICAL TECHNOLOGY,67,3.0,26731.0,Electrical Circuits-II-4,4.0
2022,ELECTRICAL TECHNOLOGY,67,3.0,26732.0,Electrical Appliances-3,3.0
2022,ELECTRICAL TECHNOLOGY,67,3.0,26833.0,Industrial Electronics-4,4.0
2022,ELECTRICAL TECHNOLOGY,67,4.0,26741.0,"Electrical Installation,Planning and Estimating-4",4.0
2022,ELECTRICAL TECHNOLOGY,67,4.0,26742.0,DC Machine-4,4.0
2022,ELECTRICAL TECHNOLOGY,67,4.0,26743.0,Electrical Engineering Project-I-2,2.0
2022,ELECTRICAL TECHNOLOGY,67,4.0,26845.0,Digital Electronics-4,4.0
2022,ELECTRICAL TECHNOLOGY,67,4.0,27044.0,Applied Mechanics-3,3.0
2022,ELECTRICAL TECHNOLOGY,67,5.0,26751.0,Generation of Electrical Power-4,4.0
2022,ELECTRICAL TECHNOLOGY,67,5.0,26752.0,Electrical & Electronic Measurements-I-3,3.0
2022,ELECTRICAL TECHNOLOGY,67,5.0,26753.0,Testing and Maintannance of Electrical Equipments-3,3.0
2022,ELECTRICAL TECHNOLOGY,67,5.0,26754.0,Electrical Engineering Project-II-2,2.0
2022,ELECTRICAL TECHNOLOGY,67,5.0,26853.0,Microprocessor & Microcontroller-4,4.0
2022,ELECTRICAL TECHNOLOGY,67,6.0,28567.0,Progamming in C-3,3.0
2022,ELECTRICAL TECHNOLOGY,67,6.0,26761.0,AC Machine-I-4,4.0
2022,ELECTRICAL TECHNOLOGY,67,6.0,26762.0,Transmission and Distribution of Electrical Power-I-4,4.0
2022,ELECTRICAL TECHNOLOGY,67,6.0,26763.0,Electrical & Electronic Measurements-II-3,3.0
2022,ELECTRICAL TECHNOLOGY,67,6.0,26842.0,Communication Engineering-4,4.0
2022,ELECTRICAL TECHNOLOGY,67,7.0,26771.0,AC Machine-II-4,4.0
2022,ELECTRICAL TECHNOLOGY,67,7.0,26772.0,Transmission and Distribution of Electrical Power-II-4,4.0
2022,ELECTRICAL TECHNOLOGY,67,7.0,26773.0,Switch Gear and Protection-4,4.0
2022,ELECTRICAL TECHNOLOGY,67,7.0,26774.0,Electrical Engineering Project-III-2,2.0
2022,ELECTRICAL TECHNOLOGY,67,7.0,26875.0,Automation Engineering & PLC-4,4.0
2022,Electronics,68,2.0,26821.0,Electronic Devices and Circuits-4,4.0
2022,Electronics,68,3.0,26831.0,Digital Electronics -I-3,3.0
2022,Electronics,68,3.0,26832.0,Power Electronics-3,3.0
2022,Electronics,68,4.0,26841.0,Digital Electronics -II-3,3.0
2022,Electronics,68,4.0,26843.0,"Networks, Filters and Transmission lines-3",3.0
2022,Electronics,68,4.0,26844.0,Electronic servicing-1,1.0
2022,Electronics,68,5.0,26851.0,Television Engineering-3,3.0
2022,Electronics,68,5.0,26852.0,Electronic Appliances-2,2.0
2022,Electronics,68,5.0,28654.0,Bio-Medical Instruments-3,3.0
2022,Electronics,68,6.0,26764.0,Transmission and Distribution of Eectrical Power-4,4.0
2022,Electronics,68,6.0,26861.0,TV Studio and Broadcasting-3,3.0
2022,Electronics,68,6.0,26862.0,Microcontroller and Embedded System-3,3.0
2022,Electronics,68,6.0,26863.0,PCB Design and Prototyping-1,1.0
2022,Electronics,68,7.0,26871.0,Microwave Radar and Navigation Aids-3,3.0
2022,Electronics,68,7.0,26872.0,Industrial Automation and PLC-4,4.0
2022,Electronics,68,7.0,26873.0,Control System and Robotics-4,4.0
2022,Electronics,68,7.0,26874.0,Electronic Project-2,2.0
2022,Food Technology,69,1.0,26911.0,Food Engineering Fundamentals-4,4.0
2022,Food Technology,69,1.0,26912.0,Food Safety & Hygiene Management-3,3.0
2022,Food Technology,69,2.0,26921.0,Food Science & Nutrition-3,3.0
2022,Food Technology,69,2.0,26922.0,Food Plant Layout & Design-2,2.0
2022,Food Technology,69,3.0,26931.0,Catering Management-3,3.0
2022,Food Technology,69,3.0,26932.0,Food Industrial Chemistry-3,3.0
2022,Food Technology,69,4.0,26941.0,Food Microbiology-I-3,3.0
2022,Food Technology,69,4.0,26942.0,Food Preservation-I-3,3.0
2022,Food Technology,69,4.0,26943.0,Food Chemistry-3,3.0
2022,Food Technology,69,4.0,26944.0,Food Packaging-3,3.0
2022,Food Technology,69,4.0,26945.0,Dairy Products-3,3.0
2022,Food Technology,69,5.0,26951.0,Food Microbiology-II-3,3.0
2022,Food Technology,69,5.0,26952.0,Food Preservation-II-3,3.0
2022,Food Technology,69,5.0,26953.0,Food Biotechnology-3,3.0
2022,Food Technology,69,5.0,26954.0,Food & Beverage Products-3,3.0
2022,Food Technology,69,5.0,26955.0,Food Industrial Instrumentation & Process Control-3,3.0
2022,Food Technology,69,6.0,26364.0,Industrial Stoichiometry & Thermodynamics-3,3.0
2022,Food Technology,69,6.0,26961.0,Food Engineering Operation-I-3,3.0
2022,Food Technology,69,6.0,26962.0,Food Process Industries-I-3,3.0
2022,Food Technology,69,6.0,26963.0,Bakery Products-3,3.0
2022,Food Technology,69,6.0,26964.0,Food Adulteration & Toxicology-3,3.0
2022,Food Technology,69,7.0,26971.0,Food Engineering Operation-II-3,3.0
2022,Food Technology,69,7.0,26972.0,Food Process Industries-II-3,3.0
2022,Food Technology,69,7.0,26973.0,Food Quality Control & Assurance-3,3.0
2022,Food Technology,69,7.0,26974.0,Confectionery Products-3,3.0
2022,Food Technology,69,7.0,26975.0,Food Analysis-3,3.0
2022,Food Technology,69,7.0,26976.0,Food Engineering Project-2,2.0
2022, MECHANICAL TECHNOLOGY,70,2.0,27021.0,Mechanical Engineering Drawing-3,3.0
2022, MECHANICAL TECHNOLOGY,70,3.0,27032.0,Machine Shop Practice-II-3,3.0
2022, MECHANICAL TECHNOLOGY,70,3.0,27231.0,RAC Cycles and Components-3,3.0
2022, MECHANICAL TECHNOLOGY,70,4.0,27042.0,Machine Shop Practice III-3,3.0
2022, MECHANICAL TECHNOLOGY,70,6.0,27063.0,CAD & CAM-3,3.0
2022, MECHANICAL TECHNOLOGY,70,6.0,27064.0,Advanced Welding-II-3,3.0
2022, MECHANICAL TECHNOLOGY,70,6.0,27065.0,Plant Engineering & Maintainance-3,3.0
2022, MECHANICAL TECHNOLOGY,70,7.0,27072.0,Tool Design-4,4.0
2022, MECHANICAL TECHNOLOGY,70,7.0,27073.0,Heat Treatment of Metal-3,3.0
2022, MECHANICAL TECHNOLOGY,70,7.0,27074.0,Mechanical Engineering Project-2,2.0
2022, MECHANICAL TECHNOLOGY,70,7.0,27075.0,Production Planning & Control-3,3.0
2022,POWER TECHNOLOGY,71,1.0,27111.0,Power Engineering Fundmental-4,4.0
2022,POWER TECHNOLOGY,71,2.0,27121.0,Power Equipment Management & Safety-2,2.0
2022,POWER TECHNOLOGY,71,4.0,27141.0,IC Engine Details-4,4.0
2022,POWER TECHNOLOGY,71,5.0,27151.0,"Automotive Electricity,Electronics & Automation-3",3.0
2022,POWER TECHNOLOGY,71,5.0,27152.0,Power Plant Enginnering-3,3.0
2022,POWER TECHNOLOGY,71,6.0,27161.0,"Engine Overhauling, Inspection & Testing-4",4.0
2022,POWER TECHNOLOGY,71,7.0,27171.0,"Service Station Operation,Estimating & Vechicle driving-4",4.0
2022,POWER TECHNOLOGY,71,7.0,27172.0,Hybrid & Electric Vehicle-3,3.0
2022,POWER TECHNOLOGY,71,7.0,27173.0,Power Engineering Project-2,2.0
2022,RAC TECHNOLOGY,72,1.0,27211.0,RAC Fundamental-3,3.0
2022,RAC TECHNOLOGY,72,4.0,27241.0,Circuits and Electrical Machine in RAC-3,3.0
2022,RAC TECHNOLOGY,72,4.0,27242.0,Transport RAC-3,3.0
2022,RAC TECHNOLOGY,72,5.0,27251.0,Heating Ventilation & Air Conditioning (HVAC)-3,3.0
2022,RAC TECHNOLOGY,72,5.0,27252.0,Commercial & Industrial RAC-3,3.0
2022,RAC TECHNOLOGY,72,6.0,27261.0,Cooling &Heating Load Calculation-4,4.0
2022,RAC TECHNOLOGY,72,6.0,27262.0,RAC Plant Installation Maintenance & Operation-3,3.0
2022,RAC TECHNOLOGY,72,7.0,27271.0,RAC System Analysis-3,3.0
2022,RAC TECHNOLOGY,72,7.0,27272.0,RAC Project-2,2.0
2022,RAC TECHNOLOGY,72,7.0,27273.0,Advance RAC-4,4.0
2022,RAC TECHNOLOGY,72,7.0,27274.0,RAC for Food Preservation-3,3.0
2022,CERAMICS TECHNOLOGY,76,1.0,27611.0,Geological Engineering-2,2.0
2022,CERAMICS TECHNOLOGY,76,2.0,27621.0,Ceramic Model Making-2,2.0
2022,CERAMICS TECHNOLOGY,76,2.0,27622.0,Ceramic Engineering Metarials-1-3,3.0
2022,CERAMICS TECHNOLOGY,76,3.0,26611.0,Computer Office Application-2,2.0
2022,CERAMICS TECHNOLOGY,76,3.0,27631.0,Model and Mould Fabrication-1-2,2.0
2022,CERAMICS TECHNOLOGY,76,3.0,27632.0,Ceramic Engineering Metarials-2-3,3.0
2022,CERAMICS TECHNOLOGY,76,3.0,27633.0,Ceramic Plants and Equipment-3,3.0
2022,CERAMICS TECHNOLOGY,76,4.0,27641.0,Ceramic Test and Calculation-3,3.0
2022,CERAMICS TECHNOLOGY,76,4.0,27642.0,Ceramic Engineering Chemistry-3,3.0
2022,CERAMICS TECHNOLOGY,76,4.0,27643.0,Refractories-3,3.0
2022,CERAMICS TECHNOLOGY,76,4.0,27644.0,Model and Mould Fabrication-2-3,3.0
2022,CERAMICS TECHNOLOGY,76,4.0,27645.0,Ceramic Body Preparation-3,3.0
2022,CERAMICS TECHNOLOGY,76,5.0,27652.0,Heavy Clay Products-3,3.0
2022,CERAMICS TECHNOLOGY,76,5.0,27651.0,White Wares-3,3.0
2022,CERAMICS TECHNOLOGY,76,5.0,27653.0,Ceramic Instrumentation and Process Control-3,3.0
2022,CERAMICS TECHNOLOGY,76,5.0,27654.0,Ceramic Fabrication and Drying-4,4.0
2022,CERAMICS TECHNOLOGY,76,5.0,27655.0,Cement Manufacturing-3,3.0
2022,CERAMICS TECHNOLOGY,76,5.0,27744.0,Fuels and Combustion-2,2.0
2022,CERAMICS TECHNOLOGY,76,6.0,27661.0,Tiles and Sanitary Wares-3,3.0
2022,CERAMICS TECHNOLOGY,76,6.0,27662.0,"Drier, Kiln and Furnace-3",3.0
2022,CERAMICS TECHNOLOGY,76,6.0,27663.0,Ceramic Quality Control-3,3.0
2022,CERAMICS TECHNOLOGY,76,6.0,27664.0,Ceramic Glaze and Colour-3,3.0
2022,CERAMICS TECHNOLOGY,76,6.0,27665.0,Ceramic Decoration and Printing-2,2.0
2022,CERAMICS TECHNOLOGY,76,6.0,27666.0,Graphic Design-2,2.0
2022,CERAMICS TECHNOLOGY,76,7.0,27671.0,Ceramic Engineering Project-3,3.0
2022,CERAMICS TECHNOLOGY,76,7.0,27672.0,Advanced Ceramic Products-3,3.0
2022,CERAMICS TECHNOLOGY,76,7.0,27673.0,"Kiln, Furnace Design and Construction-3",3.0
2022,CERAMICS TECHNOLOGY,76,7.0,27675.0,Glass Manufacturing-3,3.0
2022,Glass Technology,77,1.0,27711.0,Glass engineering materials?I-3,3.0
2022,Glass Technology,77,2.0,27721.0,Glass Engineering Materials?II-3,3.0
2022,Glass Technology,77,3.0,27731.0,Glass Mould & Die?I-2,2.0
2022,Glass Technology,77,3.0,27732.0,Glass Plants & Equipment-3,3.0
2022,Glass Technology,77,3.0,27733.0,Preparation of Glass Raw Materials-3,3.0
2022,Glass Technology,77,4.0,27741.0,Glass Engineering Chemistry-3,3.0
2022,Glass Technology,77,4.0,27742.0,Glass Mould & Die ?II-3,3.0
2022,Glass Technology,77,4.0,27743.0,Glass Fabrication ?I-3,3.0
2022,Glass Technology,77,4.0,27745.0,Graphics Design-2,2.0
2022,Glass Technology,77,5.0,27751.0,Glass Melting Furnace-3,3.0
2022,Glass Technology,77,5.0,27752.0,Glass Fabrication?II-3,3.0
2022,Glass Technology,77,5.0,27753.0,Ceramic Manufracturing?I-3,3.0
2022,Glass Technology,77,6.0,27761.0,Ceramic Manufacturing?II-3,3.0
2022,Glass Technology,77,6.0,27762.0,Heat Transfer & Thermodynamics-3,3.0
2022,Glass Technology,77,6.0,27763.0,Glass Quality Control?I-3,3.0
2022,Glass Technology,77,6.0,27764.0,Glass Products?I-3,3.0
2022,Glass Technology,77,6.0,27765.0,Glass Industrial Safety-3,3.0
2022,Glass Technology,77,7.0,27771.0,Glass Products?II-3,3.0
2022,Glass Technology,77,7.0,27772.0,Glass Quality Control?II-3,3.0
2022,Glass Technology,77,7.0,27773.0,Glass Decoration & Printing-3,3.0
2022,Glass Technology,77,7.0,27774.0,Glass House Instrumentation-3,3.0
2022,Glass Technology,77,7.0,27775.0,Furnace Design & Construction-3,3.0
2022,Glass Technology,77,7.0,27776.0,Glass Engineering Project-3,3.0
2022,AIRCRAFT MAINTENANCE TECHNOLOGY (AEROSPACE),82,1.0,28211.0,Basic Aerodynamics-3,3.0
2022,AIRCRAFT MAINTENANCE TECHNOLOGY (AEROSPACE),82,2.0,28221.0,Aircraft Structure & Repair-3,3.0
2022,AIRCRAFT MAINTENANCE TECHNOLOGY (AEROSPACE),82,3.0,28231.0,Aircraft Materials-3,3.0
2022,AIRCRAFT MAINTENANCE TECHNOLOGY (AEROSPACE),82,3.0,28232.0,Principles of Gas Turbine Engine-4,4.0
2022,AIRCRAFT MAINTENANCE TECHNOLOGY (AEROSPACE),82,4.0,28241.0,Aircraft Fuel and Fire Protection System-4,4.0
2022,AIRCRAFT MAINTENANCE TECHNOLOGY (AEROSPACE),82,4.0,28242.0,Aircraft Pneumatic & Ice-Rain Protection-3,3.0
2022,AIRCRAFT MAINTENANCE TECHNOLOGY (AEROSPACE),82,4.0,28243.0,Aircraft Hardware-3,3.0
2022,AIRCRAFT MAINTENANCE TECHNOLOGY (AEROSPACE),82,4.0,28244.0,Aircraft Hydraulic & Flight Controls-4,4.0
2022,AIRCRAFT MAINTENANCE TECHNOLOGY (AEROSPACE),82,4.0,28245.0,Aircraft Gas Turbine Engine Construction and systems-4,4.0
2022,AIRCRAFT MAINTENANCE TECHNOLOGY (AEROSPACE),82,5.0,28251.0,Gas Turbine Engine Starting and Monitoring-4,4.0
2022,AIRCRAFT MAINTENANCE TECHNOLOGY (AEROSPACE),82,5.0,28252.0,Aircraft Landing Gear-3,3.0
2022,AIRCRAFT MAINTENANCE TECHNOLOGY (AEROSPACE),82,5.0,28253.0,Airconditioning and Pressurization system-3,3.0
2022,AIRCRAFT MAINTENANCE TECHNOLOGY (AEROSPACE),82,5.0,28254.0,Aircraft Propellers-3,3.0
2022,AIRCRAFT MAINTENANCE TECHNOLOGY (AEROSPACE),82,5.0,28255.0,Helicopter Aerodynamics and Structures-3,3.0
2022,AIRCRAFT MAINTENANCE TECHNOLOGY (AEROSPACE),82,5.0,28356.0,Aircraft Digital Technique-3,3.0
2022,AIRCRAFT MAINTENANCE TECHNOLOGY (AEROSPACE),82,6.0,28261.0,Aircraft Equipment and Furnishing-4,4.0
2022,AIRCRAFT MAINTENANCE TECHNOLOGY (AEROSPACE),82,6.0,28262.0,Helicopter Controls and Systems-4,4.0
2022,AIRCRAFT MAINTENANCE TECHNOLOGY (AEROSPACE),82,6.0,28263.0,Engineering Ethics-2,2.0
2022,AIRCRAFT MAINTENANCE TECHNOLOGY (AEROSPACE),82,6.0,28355.0,Aircraft Instrument System-4,4.0
2022,AIRCRAFT MAINTENANCE TECHNOLOGY (AEROSPACE),82,6.0,28363.0,Aircraft Electrical Power-4,4.0
2022,AIRCRAFT MAINTENANCE TECHNOLOGY (AEROSPACE),82,7.0,28271.0,Aviation Legislation-Framework-3,3.0
2022,AIRCRAFT MAINTENANCE TECHNOLOGY (AEROSPACE),82,7.0,28272.0,Air Navigation Orders-3,3.0
2022,AIRCRAFT MAINTENANCE TECHNOLOGY (AEROSPACE),82,7.0,28273.0,Aircraft Maintenance Practices-4,4.0
2022,AIRCRAFT MAINTENANCE TECHNOLOGY (AEROSPACE),82,7.0,28371.0,Human Factors-3,3.0
2022,AIRCRAFT MAINTENANCE TECHNOLOGY (AEROSPACE),82,7.0,28372.0,Aircraft Cabin & Information System-4,4.0
2022,AIRCRAFT MAINTENANCE TECHNOLOGY (AEROSPACE),82,7.0,28373.0,Safety Management system and Reliability Program-3,3.0
2022,SURVEYING TECHNOLOGY,78,2.0,27821.0,Basic Surveying - 3,3.0
2022,SURVEYING TECHNOLOGY,78,3.0,25916.0,Statistics-2,2.0
2022,SURVEYING TECHNOLOGY,78,3.0,27833.0,Geography of Bangladesh-2,2.0
2022,SURVEYING TECHNOLOGY,78,3.0,27831.0,Leveling - 3,3.0
2022,SURVEYING TECHNOLOGY,78,3.0,27832.0,Survey CAD - 2,2.0
2022,SURVEYING TECHNOLOGY,78,3.0,27834.0,Geodetic Surveying - 3,3.0
2022,SURVEYING TECHNOLOGY,78,4.0,27841.0,Aerial Photography and Photogrammetry-2,2.0
2022,SURVEYING TECHNOLOGY,78,4.0,27842.0,Fundamentals of GIS - 3,3.0
2022,SURVEYING TECHNOLOGY,78,4.0,27843.0,Advanced Surveying-I - 4,4.0
2022,SURVEYING TECHNOLOGY,78,4.0,27844.0,Digital Cartography - 3,3.0
2022,SURVEYING TECHNOLOGY,78,5.0,27854.0,Land Laws of Bangladesh-2,2.0
2022,SURVEYING TECHNOLOGY,78,5.0,28521.0,Python Programming - 3,3.0
2022,SURVEYING TECHNOLOGY,78,5.0,27851.0,Advanced GIS - 3,3.0
2022,SURVEYING TECHNOLOGY,78,5.0,27852.0,Hydraulics & Hydrology - 3,3.0
2022,SURVEYING TECHNOLOGY,78,5.0,27853.0,Advanced Surveying-II - 3,3.0
2022,SURVEYING TECHNOLOGY,78,6.0,27861.0,Principles of Topographic Survey-2,2.0
2022,SURVEYING TECHNOLOGY,78,6.0,27862.0,Application of Python Programming-2,2.0
2022,SURVEYING TECHNOLOGY,78,6.0,27865.0,Preapartion and Maintainces of Land Records-2,2.0
2022,SURVEYING TECHNOLOGY,78,6.0,27863.0,Hydrographic Surveying - 3,3.0
2022,SURVEYING TECHNOLOGY,78,7.0,27871.0,Mine Surveying - 3,3.0
2022,SURVEYING TECHNOLOGY,78,7.0,27873.0,Remote Sensing - 3,3.0
2022,MARINE TECHNOLOGY,79,2.0,28021.0,General Ship Knowledge-1,1.0
2022,MARINE TECHNOLOGY,79,3.0,27931.0,Marine IC Engine-I - 3,3.0
2022,MARINE TECHNOLOGY,79,4.0,28041.0,Naval Architecture-3,3.0
2022,MARINE TECHNOLOGY,79,4.0,27941.0,Fluid Mechanics & Hydraulic Machinery-4,4.0
2022,MARINE TECHNOLOGY,79,4.0,27942.0,Marine IC Engine- II - 4,4.0
2022,MARINE TECHNOLOGY,79,4.0,28042.0,Welding - 3,3.0
2022,MARINE TECHNOLOGY,79,5.0,27951.0,Marine Auxiliary Systems - 3,3.0
2022,MARINE TECHNOLOGY,79,5.0,27952.0,Marine Boiler & Steam Engineering-3,3.0
2022,MARINE TECHNOLOGY,79,5.0,27953.0,Marine Fuels & Lubricants-2,2.0
2022,MARINE TECHNOLOGY,79,5.0,27954.0,Marine IC Engine Operation & Maintenance,
2022,MARINE TECHNOLOGY,79,5.0,27956.0,Maritime Laws,
2022,MARINE TECHNOLOGY,79,5.0,27957.0,Machine Drawing-1,1.0
2022,MARINE TECHNOLOGY,79,5.0,27955.0,Basic Safety & Security - 4,4.0
2022,MARINE TECHNOLOGY,79,5.0,28053.0,Ship Construction & Repair - 4,4.0
2022,MARINE TECHNOLOGY,79,6.0,27963.0,"Shipboard Deck machinery, Out-fittings & Bridge Equipment",2.0
2022,MARINE TECHNOLOGY,79,6.0,27964.0,Marine Propulsion & Steering System-3,3.0
2022,MARINE TECHNOLOGY,79,6.0,27965.0,Marine Enviromental Science-2,2.0
2022,MARINE TECHNOLOGY,79,7.0,27961.0,Power System Protection - 2,2.0
2022,MARINE TECHNOLOGY,79,7.0,27975.0,Applied Mechanics - 4,4.0
2022,MARINE TECHNOLOGY,79,7.0,27977.0,Control Engineering & Mechatronics - 4,4.0
2022,MARINE TECHNOLOGY,79,7.0,27971.0,Leadership & Professional Ethics-2,2.0
2022,MARINE TECHNOLOGY,79,7.0,27972.0,Advanced Machine Drawing-2,2.0
2022,SHIPBUILDING TECHNOLOGY,80,,,,
2022,SHIPBUILDING TECHNOLOGY,80,5.0,28051.0,Shipbuilding Drawing-2,2.0
2022,SHIPBUILDING TECHNOLOGY,80,5.0,28052.0,Shipyard Practice - 4,4.0
2022,SHIPBUILDING TECHNOLOGY,80,6.0,27962.0,Marine Electrical Installation & Instrumentation-2,2.0
2022,SHIPBUILDING TECHNOLOGY,80,6.0,28061.0,Ship Design - 3,3.0
2022,SHIPBUILDING TECHNOLOGY,80,6.0,28062.0,Advanced Welding - 1,1.0
2022,SHIPBUILDING TECHNOLOGY,80,6.0,28063.0,Estimating & Costing in Shipbuilding - 2,2.0
2022,CSAIRCRAFT MAINTENANCE TECHNOLOGY (AVIONICS),83,3.0,28331.0,Aircraft DC Power System - 4,4.0
2022,CSAIRCRAFT MAINTENANCE TECHNOLOGY (AVIONICS),83,4.0,28341.0,Aircraft AC Power - 3,3.0
2022,CSAIRCRAFT MAINTENANCE TECHNOLOGY (AVIONICS),83,4.0,28342.0,Aircraft Radio and Radar - 4,4.0
2022,CSAIRCRAFT MAINTENANCE TECHNOLOGY (AVIONICS),83,4.0,28343.0,Aircraft Communication System - 3,3.0
2022,CSAIRCRAFT MAINTENANCE TECHNOLOGY (AVIONICS),83,4.0,28344.0,Aircraft System I - 4,4.0
2022,CSAIRCRAFT MAINTENANCE TECHNOLOGY (AVIONICS),83,4.0,28352.0,Aircraft Electronics - 3,3.0
2022,CSAIRCRAFT MAINTENANCE TECHNOLOGY (AVIONICS),83,5.0,28353.0,Aircraft System- II - 3,3.0
2022,CSAIRCRAFT MAINTENANCE TECHNOLOGY (AVIONICS),83,5.0,28351.0,Turbine Engine Principles and Construction-3,3.0
2022,CSAIRCRAFT MAINTENANCE TECHNOLOGY (AVIONICS),83,5.0,28354.0,Aircraft Navigation System - 3,3.0
2022,CSAIRCRAFT MAINTENANCE TECHNOLOGY (AVIONICS),83,6.0,28361.0,Aircraft Autopilot System - 4,4.0
2022,CSAIRCRAFT MAINTENANCE TECHNOLOGY (AVIONICS),83,6.0,28362.0,Electronics Instrument System - 4,4.0
2022,CSAIRCRAFT MAINTENANCE TECHNOLOGY (AVIONICS),83,6.0,28364.0,Propulsion - 4,4.0
2022,COMPUTER SCIENCE & TECHNOLOGY,85,2.0,28522.0,Computer Graphics Design-I-2,2.0
2022,COMPUTER SCIENCE & TECHNOLOGY,85,3.0,28531.0,Application Development Using Python - 3,3.0
2022,COMPUTER SCIENCE & TECHNOLOGY,85,3.0,28533.0,IT Support Services - 4,4.0
2022,COMPUTER SCIENCE & TECHNOLOGY,85,4.0,28541.0,Java Programming - 3,3.0
2022,COMPUTER SCIENCE & TECHNOLOGY,85,4.0,28542.0,Data Structure & Algorithm - 3,3.0
2022,COMPUTER SCIENCE & TECHNOLOGY,85,4.0,28543.0,Computer Peripherals & Interfacing - 4,4.0
2022,COMPUTER SCIENCE & TECHNOLOGY,85,4.0,28544.0,Web Design & Development-I - 3,3.0
2022,COMPUTER SCIENCE & TECHNOLOGY,85,5.0,28551.0,Application Development Using Java - 3,3.0
2022,COMPUTER SCIENCE & TECHNOLOGY,85,5.0,28553.0,Computer Architecture & Microprocessor-4,4.0
2022,COMPUTER SCIENCE & TECHNOLOGY,85,5.0,28552.0,Web Design & Development-II - 3,3.0
2022,COMPUTER SCIENCE & TECHNOLOGY,85,5.0,28554.0,Data Communication - 4,4.0
2022,COMPUTER SCIENCE & TECHNOLOGY,85,5.0,28555.0,Operating System - 3,3.0
2022,COMPUTER SCIENCE & TECHNOLOGY,85,6.0,28564.0,Microcontroller Based System Design & Development-4,4.0
2022,COMPUTER SCIENCE & TECHNOLOGY,85,6.0,28561.0,Database Management System - 3,3.0
2022,COMPUTER SCIENCE & TECHNOLOGY,85,6.0,28562.0,Computer Networking - 3,3.0
2022,COMPUTER SCIENCE & TECHNOLOGY,85,6.0,28563.0,Sensor & IoT System - 3,3.0
2022,COMPUTER SCIENCE & TECHNOLOGY,85,6.0,28565.0,Surveillance Security System - 2,2.0
2022,COMPUTER SCIENCE & TECHNOLOGY,85,7.0,28571.0,Digital Marketing Technique - 3,3.0
2022,COMPUTER SCIENCE & TECHNOLOGY,85,7.0,28572.0,Network Administration & Services - 4,4.0
2022,COMPUTER SCIENCE & TECHNOLOGY,85,7.0,28573.0,Cyber Security & Ethics - 3,3.0
2022,COMPUTER SCIENCE & TECHNOLOGY,85,7.0,28574.0,Apps Development Project - 2,2.0
2022,COMPUTER SCIENCE & TECHNOLOGY,85,7.0,28575.0,Multimedia & Animation - 3,3.0
2022,ELECTROMEDICAL TECHNOLOGY,86,1.0,28611.0,Human Anatomy and Physiology-2,2.0
2022,ELECTROMEDICAL TECHNOLOGY,86,2.0,28621.0,Basic Biomedical Engineering - 3,3.0
2022,ELECTROMEDICAL TECHNOLOGY,86,3.0,28631.0,Medical transducer and Sensors - 3,3.0
2022,ELECTROMEDICAL TECHNOLOGY,86,3.0,28632.0,Operating Room Equipment - 2,2.0
2022,ELECTROMEDICAL TECHNOLOGY,86,4.0,28641.0,Dental Equipment-2,2.0
2022,ELECTROMEDICAL TECHNOLOGY,86,4.0,28642.0,Anesthesia and Respiratory Equipment - 3,3.0
2022,ELECTROMEDICAL TECHNOLOGY,86,5.0,28651.0,Radiology and Imaging Equipment - 3,3.0
2022,ELECTROMEDICAL TECHNOLOGY,86,5.0,28652.0,Fibre Optics and Laser in Medical Field - 3,3.0
2022,ELECTROMEDICAL TECHNOLOGY,86,5.0,28653.0,Physiotherapy and Rehabilitation Devices - 2,2.0
2022,ELECTROMEDICAL TECHNOLOGY,86,6.0,28663.0,Testing and Maintenance Biomedical Equipment-2,2.0
2022,ELECTROMEDICAL TECHNOLOGY,86,6.0,28661.0,Diagonestic and Laboratory Equipment - 3,3.0
2022,ELECTROMEDICAL TECHNOLOGY,86,6.0,28662.0,Microprocesor and Biomedical Application - 3,3.0
2022,ELECTROMEDICAL TECHNOLOGY,86,7.0,28671.0,Advance Biomedical Equiment - 4,4.0
2022,ELECTROMEDICAL TECHNOLOGY,86,7.0,28672.0,ICU and CCU  Equipment - 3,3.0
2022,ELECTROMEDICAL TECHNOLOGY,86,7.0,28673.0,Biomedical Engineering Project-2,2.0
2022,ELECTROMEDICAL TECHNOLOGY,86,7.0,28674.0,Medical Physics and Nuclear Instruments-3,3.0
2022,CONSTRUCTION TECHNOLOGY,88,3.0,28831.0,Construction Methodology-I - 3,3.0
2022,CONSTRUCTION TECHNOLOGY,88,4.0,28841.0,Construction Methodology-II - 3,3.0
2022,CONSTRUCTION TECHNOLOGY,88,4.0,28842.0,Construction Safety - 2,2.0
2022,CONSTRUCTION TECHNOLOGY,88,6.0,28862.0,Building Facilities & Law - 3,3.0
2022,ENVIRONMENTAL TECHNOLOGY,90,1.0,29011.0,Basic Environmental Engineering - 3,3.0
2022,ENVIRONMENTAL TECHNOLOGY,90,3.0,29031.0,Water Quality Engineering - 3,3.0
2022,ENVIRONMENTAL TECHNOLOGY,90,4.0,29042.0,Environmental Chemistry - 3,3.0
2022,ENVIRONMENTAL TECHNOLOGY,90,5.0,29053.0,Geographic Information System (GIS) & Remote Sensing-3,3.0
2022,ENVIRONMENTAL TECHNOLOGY,90,5.0,29051.0,Water and Waste Water Engineering - 3,3.0
2022,ENVIRONMENTAL TECHNOLOGY,90,5.0,29052.0,Environmental Microbiology - 3,3.0
2022,ENVIRONMENTAL TECHNOLOGY,90,6.0,29063.0,Environmenatl Auditing-2,2.0
2022,ENVIRONMENTAL TECHNOLOGY,90,6.0,29064.0,"Health, Safety & Environment (HSE)-3",3.0
2022,ENVIRONMENTAL TECHNOLOGY,90,6.0,29062.0,Air Pollution & Control Engineering - 3,3.0
2022,ENVIRONMENTAL TECHNOLOGY,90,7.0,29071.0,Energy & Environmental Engineering - 3,3.0
2022,ENVIRONMENTAL TECHNOLOGY,90,7.0,29072.0,Solid and Hazardous Waste Engineering - 3,3.0
2022,ENVIRONMENTAL TECHNOLOGY,90,7.0,29073.0,Climate Change and Adaptability - 3,3.0
2022,MECHATRONICS TECHNOLOGY,92,3.0,29232.0,Basic Mechatronics - 3,3.0
2022,MECHATRONICS TECHNOLOGY,92,4.0,29241.0,Electrical Circuits & Machine - 3,3.0
2022,MECHATRONICS TECHNOLOGY,92,5.0,29251.0,Programmable Logic Controller - 3,3.0
2022,MECHATRONICS TECHNOLOGY,92,6.0,29261.0,Microprocessor & Microcontroller Aplications-3,3.0
2022,MECHATRONICS TECHNOLOGY,92,6.0,29262.0,Instrumentation & Control System - 3,3.0
2022,MECHATRONICS TECHNOLOGY,92,7.0,29273.0,Networks & Communications - 3,3.0
2022,MECHATRONICS TECHNOLOGY,92,7.0,29272.0,Industrial Automation System Design-3,3.0
2022,TELECOMMUNICATION TECHNOLOGY,94,1.0,29411.0,Basics of Telecommunication - 3,3.0
2022,TELECOMMUNICATION TECHNOLOGY,94,3.0,29431.0,Telecom Workshop and Outside Plant-3,3.0
2022,TELECOMMUNICATION TECHNOLOGY,94,4.0,29443.0,Data Communications and Networking-3,3.0
2022,TELECOMMUNICATION TECHNOLOGY,94,4.0,29441.0,Radio and TV Engineering - 3,3.0
2022,TELECOMMUNICATION TECHNOLOGY,94,4.0,29442.0,IT Support and IoT Basics - 2,2.0
2022,TELECOMMUNICATION TECHNOLOGY,94,5.0,29451.0,Multimedia and Webpage Design-3,3.0
2022,TELECOMMUNICATION TECHNOLOGY,94,6.0,29462.0,Wireless and Mobile Communication-3,3.0
2022,TELECOMMUNICATION TECHNOLOGY,94,6.0,29463.0,Signals and Switching System - 3,3.0
2022,TELECOMMUNICATION TECHNOLOGY,94,7.0,29472.0,Optical Fiber Communication - 3,3.0
2022,TELECOMMUNICATION TECHNOLOGY,94,7.0,29473.0,Satellite Communication and RADAR-3,3.0
2022,PRINTING TECHNOLOGY,95,1.0,29511.0,Printing Basics - 3,3.0
2022,PRINTING TECHNOLOGY,95,2.0,29521.0,Offset Machine Operation - 3,3.0
2022,PRINTING TECHNOLOGY,95,3.0,29531.0,Graphic Materials - 3,3.0
2022,PRINTING TECHNOLOGY,95,3.0,29631.0,Graphic Design-I - 2,2.0
2022,PRINTING TECHNOLOGY,95,3.0,29632.0,Basic Photography - 3,3.0
2022,PRINTING TECHNOLOGY,95,4.0,29541.0,Screen Printing - 4,4.0
2022,PRINTING TECHNOLOGY,95,4.0,29542.0,Safety and Maintainance - 3,3.0
2022,PRINTING TECHNOLOGY,95,4.0,29641.0,Image Carrier Preparation - 3,3.0
2022,PRINTING TECHNOLOGY,95,4.0,29642.0,Graphic Design-II - 3,3.0
2022,PRINTING TECHNOLOGY,95,4.0,29643.0,Video and Sound Editing - 3,3.0
2022,PRINTING TECHNOLOGY,95,5.0,29551.0,Flexo & Can Printing - 3,3.0
2022,PRINTING TECHNOLOGY,95,5.0,29552.0,Color Printing-I - 3,3.0
2022,PRINTING TECHNOLOGY,95,5.0,29553.0,Printing Quality Control - 4,4.0
2022,PRINTING TECHNOLOGY,95,5.0,29554.0,Ink & Paper - 3,3.0
2022,PRINTING TECHNOLOGY,95,5.0,29555.0,Digital Design & Printing - 3,3.0
2022,PRINTING TECHNOLOGY,95,5.0,29655.0,Graphics Design-III - 3,3.0
2022,PRINTING TECHNOLOGY,95,6.0,29561.0,Printing Costing & Estimating - 3,3.0
2022,PRINTING TECHNOLOGY,95,6.0,29562.0,Color Printing -II - 3,3.0
2022,PRINTING TECHNOLOGY,95,6.0,29564.0,Gravure Printing - 3,3.0
2022,PRINTING TECHNOLOGY,95,6.0,29654.0,Packaging Design-I - 3,3.0
2022,PRINTING TECHNOLOGY,95,6.0,29664.0,Image Manipulation - 2,2.0
2022,PRINTING TECHNOLOGY,95,7.0,29571.0,Color Printing-III - 3,3.0
2022,PRINTING TECHNOLOGY,95,7.0,29573.0,Print Finishing - 3,3.0
2022,PRINTING TECHNOLOGY,95,7.0,29672.0,Packaging Design-II - 3,3.0
2022,PRINTING TECHNOLOGY,95,7.0,29675.0,Graphic Communication - 3,3.0
2022,GRAPHIC DESIGN TECHNOLOGY,96,5.0,29651.0,Advertising Design - 3,3.0
2022,GRAPHIC DESIGN TECHNOLOGY,96,5.0,29652.0,Fabric Design - 3,3.0
2022,GRAPHIC DESIGN TECHNOLOGY,96,5.0,29653.0,Design & Editing - 4,4.0
2022,GRAPHIC DESIGN TECHNOLOGY,96,6.0,29661.0,Desktop Publishing - 4,4.0
2022,GRAPHIC DESIGN TECHNOLOGY,96,6.0,29665.0,Graphic Professional Practice-I-2,2.0
2022,GRAPHIC DESIGN TECHNOLOGY,96,6.0,29662.0,Web Design & Development - 3,3.0
2022,GRAPHIC DESIGN TECHNOLOGY,96,6.0,29663.0,Graphic Design-IV - 3,3.0
2022,GRAPHIC DESIGN TECHNOLOGY,96,7.0,29671.0,Animation - 2,2.0
2022,GRAPHIC DESIGN TECHNOLOGY,96,7.0,29673.0,Advanced Digital Photography - 3,3.0
2022,GRAPHIC DESIGN TECHNOLOGY,96,7.0,29674.0,Graphic Design-V - 3,3.0
2022,GRAPHIC DESIGN TECHNOLOGY,96,7.0,29676.0,Graphic Professional Practice-II - 2,2.0
2022,FOOTWEAR TECHNOLOGY,98,2.0,29821.0,Footwear Engineering Fundamentals - 4,4.0
2022,FOOTWEAR TECHNOLOGY,98,2.0,29822.0,Materials Science and Engineering - 3,3.0
2022,FOOTWEAR TECHNOLOGY,98,2.0,29823.0,Mechanical Engineering Fundamentals - 3,3.0
2022,FOOTWEAR TECHNOLOGY,98,3.0,29831.0,Footwear Manufacturing - I - 4,4.0
2022,FOOTWEAR TECHNOLOGY,98,4.0,29841.0,Footwear Manufacturing - II - 3,3.0
2022,FOOTWEAR TECHNOLOGY,98,4.0,29842.0,Tanning and Footwear Materials - 4,4.0
2022,FOOTWEAR TECHNOLOGY,98,4.0,29843.0,Leather Manufacturing - I - 3,3.0
2022,FOOTWEAR TECHNOLOGY,98,4.0,29845.0,Footwear Design - I - 3,3.0
2022,FOOTWEAR TECHNOLOGY,98,5.0,29851.0,Footwear Manufacturing - III - 4,4.0
2022,FOOTWEAR TECHNOLOGY,98,5.0,29852.0,Footwear Design - II - 3,3.0
2022,FOOTWEAR TECHNOLOGY,98,5.0,29853.0,Physical Testing - I - 4,4.0
2022,FOOTWEAR TECHNOLOGY,98,5.0,29854.0,Leather Products Manufacturing - 3,3.0
2022,FOOTWEAR TECHNOLOGY,98,5.0,29855.0,Chemical Testing - 2,2.0
2022,FOOTWEAR TECHNOLOGY,98,5.0,29856.0,Leather Manufacturing - II - 3,3.0
2022,FOOTWEAR TECHNOLOGY,98,6.0,29861.0,Footwear Manufacturing - IV - 4,4.0
2022,FOOTWEAR TECHNOLOGY,98,6.0,29862.0,CAD and CAM For Footwear - 3,3.0
2022,FOOTWEAR TECHNOLOGY,98,6.0,29863.0,Physical Testing - II - 3,3.0
2022,FOOTWEAR TECHNOLOGY,98,6.0,29864.0,Supply Chain Management - 3,3.0
2022,FOOTWEAR TECHNOLOGY,98,6.0,29865.0,Manufacturing Machineries - 3,3.0
2022,FOOTWEAR TECHNOLOGY,98,6.0,29866.0,Automation in Footwear Industry - 3,3.0
2022,FOOTWEAR TECHNOLOGY,98,7.0,29872.0,International Trade and Finance - 2,2.0
2022,FOOTWEAR TECHNOLOGY,98,7.0,29873.0,Merchandiging - 3,3.0
2022,FOOTWEAR TECHNOLOGY,98,7.0,29874.0,Footwear Engineering Project - 2,2.0
2022,FOOTWEAR TECHNOLOGY,98,7.0,29875.0,Quality Control and Assurence - 3,3.0
2022,FOOTWEAR TECHNOLOGY,98,7.0,29876.0,Solid Waste Management - 4,4.0
2022,FOOTWEAR TECHNOLOGY,98,7.0,29871.0,Production Planning for Footwear Manufacture-3,3.0
2016,Civil Technology,664,2.0,66421.0,Civil Engineering Materials-4,4.0
2016,Civil Technology,664,2.0,65722.0,Communicative English-2,2.0
2016,Civil Technology,664,2.0,65921.0,Mathematics-2-1,1.0
2016,Civil Technology,664,2.0,65922.0,Physics-2-4,4.0
2016,Civil Technology,664,2.0,66611.0,Computer Application-4,4.0
2016,Civil Technology,664,2.0,66822.0,"Electronic Engineering
Fundamentals-2",2.0
2016,Civil Technology,664,2.0,65812.0,"Physical Education and life
Skill Development-4",4.0
2016,Civil Technology,664,3.0,66431.0,Civil Engineering Drawing- 1-3,3.0
2016,Civil Technology,664,3.0,66432.0,Surveying-1-2,2.0
2016,Civil Technology,664,3.0,66433.0,Construction Process-1-3,3.0
2016,Civil Technology,664,3.0,66434.0,Civil Workshop Practice-1,1.0
2016,Civil Technology,664,3.0,65931.0,Mathematics-3-4,4.0
2016,Civil Technology,664,3.0,65913.0,Chemistry-4,4.0
2016,Civil Technology,664,3.0,65811.0,Social Science-3,3.0
2016,Civil Technology,664,4.0,66441.0,Structural Mechanics-3,3.0
2016,Civil Technology,664,4.0,66442.0,Estimating & Costing-1-3,3.0
2016,Civil Technology,664,4.0,66443.0,Civil Engineering Drawing-2 (CAD)-3,3.0
2016,Civil Technology,664,4.0,66444.0,Surveying-2-3,3.0
2016,Civil Technology,664,4.0,66445.0,Geotechnical Engineering-3,3.0
2016,Civil Technology,664,4.0,69054.0,Environmental Studies-2,2.0
2016,Civil Technology,664,4.0,65841.0,Business Organization & Communication-2,2.0
2016,Civil Technology,664,5.0,66451.0,Construction Process-II-3,3.0
2016,Civil Technology,664,5.0,66452.0,Surveying-III-3,3.0
2016,Civil Technology,664,5.0,66453.0,Water Supply Engineering-3,3.0
2016,Civil Technology,664,5.0,66454.0,Theory of Structure-3,3.0
2016,Civil Technology,664,5.0,66455.0,Estimating & Costing-II-3,3.0
2016,Civil Technology,664,5.0,66456.0,Hydraulics-3,3.0
2016,Civil Technology,664,5.0,65851.0,Accounting Theory & Practice-3,3.0
2016,Civil Technology,664,6.0,66461.0,Advance Surveying-4,4.0
2016,Civil Technology,664,6.0,66462.0,Transportation Engineering-1-3,3.0
2016,Civil Technology,664,6.0,66463.0,Design of Structure-1-3,3.0
2016,Civil Technology,664,6.0,66464.0,Civil Engineering Drawing -3 (CAD)-3,3.0
2016,Civil Technology,664,6.0,66465.0,Foundation Engineering-3,3.0
2016,Civil Technology,664,6.0,66466.0,Civil Engineering Software-1,1.0
2016,Civil Technology,664,6.0,65852.0,Industrial Management-2,2.0
2016,Civil Technology,664,7.0,66471.0,Civil Engineering Project-2,2.0
2016,Civil Technology,664,7.0,66472.0,Sanitary Engineering-3,3.0
2016,Civil Technology,664,7.0,66473.0,Transportation Engineering -2-3,3.0
2016,Civil Technology,664,7.0,66474.0,Design Of Structure -2-3,3.0
2016,Civil Technology,664,7.0,66475.0,Water Resources Engineering-3,3.0
2016,Civil Technology,664,7.0,68873.0,Construction Management & Documentation-3,3.0
2016,Civil Technology,664,7.0,65853.0,Innovation & Entrepreneurship-2,2.0
2016,COMPUTER TECHNOLOGY,666,1.0,65711.0,Bangla-4,4.0
2016,COMPUTER TECHNOLOGY,666,1.0,65712.0,English-2,2.0
2016,COMPUTER TECHNOLOGY,666,1.0,65911.0,Mathematics-I-4,4.0
2016,COMPUTER TECHNOLOGY,666,1.0,65912.0,Physics-I-4,4.0
2016,COMPUTER TECHNOLOGY,666,1.0,66712.0,Electrical Engineering Fundamentals-4,4.0
2016,COMPUTER TECHNOLOGY,666,2.0,66621.0,Database Application-2,2.0
2016,COMPUTER TECHNOLOGY,666,2.0,66622.0,IT support System-I-2,2.0
2016,COMPUTER TECHNOLOGY,666,2.0,66623.0,Graphics Design-I-2,2.0
2016,COMPUTER TECHNOLOGY,666,2.0,66823.0,Analog Electronics-4,4.0
2016,COMPUTER TECHNOLOGY,666,3.0,66631.0,Programming Essentials-3,3.0
2016,COMPUTER TECHNOLOGY,666,3.0,66632.0,Web Design-2,2.0
2016,COMPUTER TECHNOLOGY,666,3.0,66633.0,Graphics design-II-2,2.0
2016,COMPUTER TECHNOLOGY,666,3.0,66634.0,IT support-II-2,2.0
2016,COMPUTER TECHNOLOGY,666,4.0,66641.0,Object Oriented Programming-3,3.0
2016,COMPUTER TECHNOLOGY,666,4.0,66642.0,Data Structure & Algorithm-3,3.0
2016,COMPUTER TECHNOLOGY,666,4.0,66643.0,Web Development-2,2.0
2016,COMPUTER TECHNOLOGY,666,4.0,66644.0,Data Communication System-4,4.0
2016,COMPUTER TECHNOLOGY,666,4.0,66645.0,Computer Peripherals-3,3.0
2016,COMPUTER TECHNOLOGY,666,4.0,66842.0,Principle of Digital Electronics-4,4.0
2016,COMPUTER TECHNOLOGY,666,5.0,66651.0,Programming in Java-3,3.0
2016,COMPUTER TECHNOLOGY,666,5.0,66652.0,Surveillance Security System-3,3.0
2016,COMPUTER TECHNOLOGY,666,5.0,66653.0,Sequential Logic System-4,4.0
2016,COMPUTER TECHNOLOGY,666,5.0,66654.0,Web Development Project-2,2.0
2016,COMPUTER TECHNOLOGY,666,5.0,66655.0,PCB Design & Circuit Making-2,2.0
2016,COMPUTER TECHNOLOGY,666,5.0,68546.0,Operating System application-3,3.0
2016,COMPUTER TECHNOLOGY,666,6.0,66661.0,Principals of Software Engineering-4,4.0
2016,COMPUTER TECHNOLOGY,666,6.0,66662.0,Microprocessor & Interfacing-3,3.0
2016,COMPUTER TECHNOLOGY,666,6.0,66663.0, Microcontroller Application-2,2.0
2016,COMPUTER TECHNOLOGY,666,6.0,66664.0,Database Management System-3,3.0
2016,COMPUTER TECHNOLOGY,666,7.0,66671.0,System Analysis & Design-3,3.0
2016,COMPUTER TECHNOLOGY,666,7.0,66672.0,Network Administration & Services-4,4.0
2016,COMPUTER TECHNOLOGY,666,7.0,66673.0,Apps Development Project-2,2.0
2016,COMPUTER TECHNOLOGY,666,7.0,66674.0,E-Commerce & CMS-4,4.0
2016,COMPUTER TECHNOLOGY,666,7.0,66675.0,Cyber Security & Ethics-2,2.0
2016,Electrical Technology,667,1.0,61011.0,Engineering Drawing-2,2.0
2016,Electrical Technology,667,1.0,66711.0,Basic Electricity-4,4.0
2016,Electrical Technology,667,1.0,66713.0,Electrical Engineering Materials-2,2.0
2016,Electrical Technology,667,1.0,66811.0,Basic Electronics-3,3.0
2016,Electrical Technology,667,2.0,66721.0,Electrical Circuits-1-4,4.0
2016,Electrical Technology,667,2.0,66722.0,Electrical Appliances-3,3.0
2016,Electrical Technology,667,3.0,66731.0,Electrical Circuits -2-4,4.0
2016,Electrical Technology,667,3.0,66732.0,Advance Electricity-3,3.0
2016,Electrical Technology,667,3.0,66733.0,Electrical Engineering Drawing-1,1.0
2016,Electrical Technology,667,4.0,66741.0,Electrical Installation Planning & Estimating-4,4.0
2016,Electrical Technology,667,4.0,66742.0, DC Machines-4,4.0
2016,Electrical Technology,667,4.0,66845.0,Industrial Electronics-3,3.0
2016,Electrical Technology,667,4.0,67045.0,Applied Mechanics-3,3.0
2016,Electrical Technology,667,5.0,66751.0,Electrical & Electronic Measurement -I-4,4.0
2016,Electrical Technology,667,5.0,66752.0,Generation of Electrical Power-4,4.0
2016,Electrical Technology,667,5.0,66753.0,Renewable Energy-3,3.0
2016,Electrical Technology,667,5.0,66856.0,Digital Electronics & Microprocessor-3,3.0
2016,Electrical Technology,667,6.0,66761.0,Alternating Current Machines-1-4,4.0
2016,Electrical Technology,667,6.0,66762.0,Electrical & Electronic Measurement-2-3,3.0
2016,Electrical Technology,667,6.0,66763.0,Transmission and Distribution of Electrical Power-1-4,4.0
2016,Electrical Technology,667,6.0,66867.0,Communication Engineering-3,3.0
2016,Electrical Technology,667,6.0,66868.0,Micro Controller & PLC-3,3.0
2016,Electrical Technology,667,7.0,66771.0,Alternating Current Machines-2-4,4.0
2016,Electrical Technology,667,7.0,66772.0,Electrical Engineering project-2,2.0
2016,Electrical Technology,667,7.0,66773.0,Switch Gear & Protection-4,4.0
2016,Electrical Technology,667,7.0,66774.0,Transmission and Distribution of Electrical Power-2-4,4.0
2016,Electrical Technology,667,7.0,66775.0,Testing and Maintenance of Electrical Equipment-2,2.0
2016,Electrical Technology,667,7.0,66863.0,Instrumentation and Process Control-3,3.0
2016,Electronics Technology,668,2.0,66821.0,Electronic Devices and Circuits-4,4.0
2016,Electronics Technology,668,3.0,66831.0,Advanced Electronic Devices and Circuits-4,4.0
2016,Electronics Technology,668,3.0,66832.0,PCB Design and Prototyping-2,2.0
2016,Electronics Technology,668,3.0,66833.0,Electronic Appliances-3,3.0
2016,Electronics Technology,668,3.0,66835.0,Basic Communication Engineering-3,3.0
2016,Electronics Technology,668,4.0,66743.0,Electrical Circuits & Machine-4,4.0
2016,Electronics Technology,668,4.0,66841.0,"Networks, Filters & Transmission Lines-4",4.0
2016,Electronics Technology,668,4.0,66844.0,Electronic Servicing -1-1,1.0
2016,Electronics Technology,668,5.0,66851.0,Radio & Television Engineering-4,4.0
2016,Electronics Technology,668,5.0,66852.0,Electronic Measuring Instruments-3,3.0
2016,Electronics Technology,668,5.0,66853.0,Advanced Communication Engineering-4,4.0
2016,Electronics Technology,668,5.0,66854.0,Advanced Digital Electronics-4,4.0
2016,Electronics Technology,668,5.0,66855.0,Electronic Servicing -II-1,1.0
2016,Electronics Technology,668,6.0,66861.0,Electronic Measurements-3,3.0
2016,Electronics Technology,668,6.0,66862.0,TV Broadcasting and Studio-3,3.0
2016,Electronics Technology,668,6.0,66864.0,Microcontroller & embedded system-3,3.0
2016,Electronics Technology,668,6.0,66865.0,Electronic Project -1-2,2.0
2016,Electronics Technology,668,7.0,66871.0,Computer Control System & Robotics-4,4.0
2016,Electronics Technology,668,7.0,66872.0,"Microwave, Radar & Navigation Aids-4",4.0
2016,Electronics Technology,668,7.0,66873.0,Bio-Medical Instrument-4,4.0
2016,Electronics Technology,668,7.0,66874.0,Industrial Automation & PLC-4,4.0
2016,Electronics Technology,668,7.0,66875.0,Electronic Project -2-2,2.0
2016,MACHANICAL TECHNOLOGY,670,1.0,67013.0,Mechanical Engineering Materials-2,2.0
2016,MACHANICAL TECHNOLOGY,670,2.0,67021.0,Advanced Mechanical Engineering Drawing-2,2.0
2016,MACHANICAL TECHNOLOGY,670,2.0,67022.0,Machine Shop Practice -1-3,3.0
2016,MACHANICAL TECHNOLOGY,670,2.0,67023.0,Mechanical Workshop Practice-2,2.0
2016,MACHANICAL TECHNOLOGY,670,3.0,67031.0,Machine Shop Practice-2-3,3.0
2016,MACHANICAL TECHNOLOGY,670,3.0,67032.0,Foundry & Pattern Making-3,3.0
2016,MACHANICAL TECHNOLOGY,670,4.0,67041.0,Engineering Mechanics-4,4.0
2016,MACHANICAL TECHNOLOGY,670,4.0,67042.0,Metallurgy-3,3.0
2016,MACHANICAL TECHNOLOGY,670,4.0,67043.0,Machine Shop Practice -3-3,3.0
2016,MACHANICAL TECHNOLOGY,670,5.0,67051.0,Hydraulics & Hydraulic Machineries-4,4.0
2016,MACHANICAL TECHNOLOGY,670,5.0,67052.0,Mechanical Estimating& Costing-3,3.0
2016,MACHANICAL TECHNOLOGY,670,5.0,67053.0,Advance Welding -1-4,4.0
2016,MACHANICAL TECHNOLOGY,670,5.0,67054.0,CAD & CAM-3,3.0
2016,MACHANICAL TECHNOLOGY,670,5.0,67055.0,Manufacturing Process-3,3.0
2016,MACHANICAL TECHNOLOGY,670,6.0,67061.0,Thermodynamics & Heat Engine-4,4.0
2016,MACHANICAL TECHNOLOGY,670,6.0,67062.0,Mechanical Measurement & Metrology-3,3.0
2016,MACHANICAL TECHNOLOGY,670,6.0,67063.0,Plant Engineering-3,3.0
2016,MACHANICAL TECHNOLOGY,670,6.0,67064.0,Strength of Materials-4,4.0
2016,MACHANICAL TECHNOLOGY,670,6.0,67065.0,Advance Welding -2-3,3.0
2016,MACHANICAL TECHNOLOGY,670,7.0,67071.0,Design of Machine Elements-4,4.0
2016,MACHANICAL TECHNOLOGY,670,7.0,67072.0,Tool Design-3,3.0
2016,MACHANICAL TECHNOLOGY,670,7.0,67073.0,Heat Treatment of Metal-3,3.0
2016,MACHANICAL TECHNOLOGY,670,7.0,67074.0,Mechanical Engineering Project-2,2.0
2016,MACHANICAL TECHNOLOGY,670,7.0,67075.0,Production Planning & Control-3,3.0
2016,MACHANICAL TECHNOLOGY,670,7.0,67076.0,Mechatronics & PLC-4,4.0
2016,Power Technology,671,1.0,67111.0,Power Engineering Fundamentals-4,4.0
2016,Power Technology,671,2.0,67121.0,Workshop Safety & Management-4,4.0
2016,Power Technology,671,3.0,67131.0, Engineering Thermodynamics-4,4.0
2016,Power Technology,671,3.0,67033.0,Machine Shop Practice-2,2.0
2016,Power Technology,671,4.0,67141.0,Engine Details-4,4.0
2016,Power Technology,671,4.0,67142.0,"Automotive Suspension, Brake, Steering & Transmission system-4",4.0
2016,Power Technology,671,4.0,67143.0,Fuels & Lubricants-3,3.0
2016,Power Technology,671,5.0,67151.0, Power plant engineering-4,4.0
2016,Power Technology,671,5.0,67152.0,Boiler operation & maintenance-3,3.0
2016,Power Technology,671,5.0,67153.0,Engine Overhauling & Inspection-4,4.0
2016,Power Technology,671,5.0,66271.0,Service Station Operation & Estimating-4,4.0
2016,Power Technology,671,6.0,67161.0,Engine Testing & Performance-4,4.0
2016,Power Technology,671,6.0,66274.0,Vehicle Automation & Signaling-3,3.0
2016,Power Technology,671,6.0,66241.0,Automotive Body Building-3,3.0
2016,Power Technology,671,6.0,67162.0,Fluid Mechanics & Machineries-4,4.0
2016,Power Technology,671,6.0,66764.0,Transmission & Distribution of Electrical Power-4,4.0
2016,Power Technology,671,7.0,67171.0,Auto Electricity & Electronic-4,4.0
2016,Power Technology,671,7.0,67172.0,Automobile Trouble Shooting & Driving-4,4.0
2016,Power Technology,671,7.0,67173.0,Power Engineering Project-2,2.0
2016,Power Technology,671,7.0,66253.0,Automobile Air-conditioning-3,3.0
